{
  "hash": "a778dcad",
  "configHash": "542d8354",
  "lockfileHash": "718f0457",
  "browserHash": "c3b5db71",
  "optimized": {
    "@angular/core": {
      "src": "../../../../../../node_modules/@angular/core/fesm2022/core.mjs",
      "file": "@angular_core.js",
      "fileHash": "05813753",
      "needsInterop": false
    },
    "@angular/platform-browser": {
      "src": "../../../../../../node_modules/@angular/platform-browser/fesm2022/platform-browser.mjs",
      "file": "@angular_platform-browser.js",
      "fileHash": "76b1189b",
      "needsInterop": false
    },
    "@angular/router": {
      "src": "../../../../../../node_modules/@angular/router/fesm2022/router.mjs",
      "file": "@angular_router.js",
      "fileHash": "ed57d918",
      "needsInterop": false
    },
    "@angular/common": {
      "src": "../../../../../../node_modules/@angular/common/fesm2022/common.mjs",
      "file": "@angular_common.js",
      "fileHash": "34c8cbf6",
      "needsInterop": false
    },
    "tslib": {
      "src": "../../../../../../node_modules/tslib/tslib.es6.mjs",
      "file": "tslib.js",
      "fileHash": "5ef544c0",
      "needsInterop": false
    }
  },
  "chunks": {
    "chunk-HTDZNXFQ": {
      "file": "chunk-HTDZNXFQ.js"
    },
    "chunk-PRHKR3RX": {
      "file": "chunk-PRHKR3RX.js"
    },
    "chunk-5XW5MFGD": {
      "file": "chunk-5XW5MFGD.js"
    },
    "chunk-EPAV4CNQ": {
      "file": "chunk-EPAV4CNQ.js"
    }
  }
}