{
  "hash": "b0e5a40e",
  "configHash": "3b6e99df",
  "lockfileHash": "b2ee6506",
  "browserHash": "f4bd8601",
  "optimized": {
    "@angular/core": {
      "src": "../../../../../../node_modules/@angular/core/fesm2022/core.mjs",
      "file": "@angular_core.js",
      "fileHash": "fc23e8c0",
      "needsInterop": false
    },
    "@angular/platform-browser": {
      "src": "../../../../../../node_modules/@angular/platform-browser/fesm2022/platform-browser.mjs",
      "file": "@angular_platform-browser.js",
      "fileHash": "5bbeb0c1",
      "needsInterop": false
    },
    "@angular/router": {
      "src": "../../../../../../node_modules/@angular/router/fesm2022/router.mjs",
      "file": "@angular_router.js",
      "fileHash": "9a172840",
      "needsInterop": false
    }
  },
  "chunks": {
    "chunk-TUBEI5TF": {
      "file": "chunk-TUBEI5TF.js"
    },
    "chunk-3QOFSQBY": {
      "file": "chunk-3QOFSQBY.js"
    }
  }
}